--
-- PostgreSQL database dump
--

\restrict Q0WcUAryfxdNKKvsiD0b2cUXFzUYU5BidmCkqC7YvdE8lwANmM5bgIkeGUXVYj7

-- Dumped from database version 18.3
-- Dumped by pg_dump version 18.3

SET statement_timeout = 0;
SET lock_timeout = 0;
SET idle_in_transaction_session_timeout = 0;
SET transaction_timeout = 0;
SET client_encoding = 'UTF8';
SET standard_conforming_strings = on;
SELECT pg_catalog.set_config('search_path', '', false);
SET check_function_bodies = false;
SET xmloption = content;
SET client_min_messages = warning;
SET row_security = off;

SET default_tablespace = '';

SET default_table_access_method = heap;

--
-- Name: auth_group; Type: TABLE; Schema: public; Owner: postgres
--

CREATE TABLE public.auth_group (
    id integer NOT NULL,
    name character varying(150) NOT NULL
);


ALTER TABLE public.auth_group OWNER TO postgres;

--
-- Name: auth_group_id_seq; Type: SEQUENCE; Schema: public; Owner: postgres
--

ALTER TABLE public.auth_group ALTER COLUMN id ADD GENERATED BY DEFAULT AS IDENTITY (
    SEQUENCE NAME public.auth_group_id_seq
    START WITH 1
    INCREMENT BY 1
    NO MINVALUE
    NO MAXVALUE
    CACHE 1
);


--
-- Name: auth_group_permissions; Type: TABLE; Schema: public; Owner: postgres
--

CREATE TABLE public.auth_group_permissions (
    id bigint NOT NULL,
    group_id integer NOT NULL,
    permission_id integer NOT NULL
);


ALTER TABLE public.auth_group_permissions OWNER TO postgres;

--
-- Name: auth_group_permissions_id_seq; Type: SEQUENCE; Schema: public; Owner: postgres
--

ALTER TABLE public.auth_group_permissions ALTER COLUMN id ADD GENERATED BY DEFAULT AS IDENTITY (
    SEQUENCE NAME public.auth_group_permissions_id_seq
    START WITH 1
    INCREMENT BY 1
    NO MINVALUE
    NO MAXVALUE
    CACHE 1
);


--
-- Name: auth_permission; Type: TABLE; Schema: public; Owner: postgres
--

CREATE TABLE public.auth_permission (
    id integer NOT NULL,
    name character varying(255) NOT NULL,
    content_type_id integer NOT NULL,
    codename character varying(100) NOT NULL
);


ALTER TABLE public.auth_permission OWNER TO postgres;

--
-- Name: auth_permission_id_seq; Type: SEQUENCE; Schema: public; Owner: postgres
--

ALTER TABLE public.auth_permission ALTER COLUMN id ADD GENERATED BY DEFAULT AS IDENTITY (
    SEQUENCE NAME public.auth_permission_id_seq
    START WITH 1
    INCREMENT BY 1
    NO MINVALUE
    NO MAXVALUE
    CACHE 1
);


--
-- Name: auth_user; Type: TABLE; Schema: public; Owner: postgres
--

CREATE TABLE public.auth_user (
    id integer NOT NULL,
    password character varying(128) NOT NULL,
    last_login timestamp with time zone,
    is_superuser boolean NOT NULL,
    username character varying(150) NOT NULL,
    first_name character varying(150) NOT NULL,
    last_name character varying(150) NOT NULL,
    email character varying(254) NOT NULL,
    is_staff boolean NOT NULL,
    is_active boolean NOT NULL,
    date_joined timestamp with time zone NOT NULL
);


ALTER TABLE public.auth_user OWNER TO postgres;

--
-- Name: auth_user_groups; Type: TABLE; Schema: public; Owner: postgres
--

CREATE TABLE public.auth_user_groups (
    id bigint NOT NULL,
    user_id integer NOT NULL,
    group_id integer NOT NULL
);


ALTER TABLE public.auth_user_groups OWNER TO postgres;

--
-- Name: auth_user_groups_id_seq; Type: SEQUENCE; Schema: public; Owner: postgres
--

ALTER TABLE public.auth_user_groups ALTER COLUMN id ADD GENERATED BY DEFAULT AS IDENTITY (
    SEQUENCE NAME public.auth_user_groups_id_seq
    START WITH 1
    INCREMENT BY 1
    NO MINVALUE
    NO MAXVALUE
    CACHE 1
);


--
-- Name: auth_user_id_seq; Type: SEQUENCE; Schema: public; Owner: postgres
--

ALTER TABLE public.auth_user ALTER COLUMN id ADD GENERATED BY DEFAULT AS IDENTITY (
    SEQUENCE NAME public.auth_user_id_seq
    START WITH 1
    INCREMENT BY 1
    NO MINVALUE
    NO MAXVALUE
    CACHE 1
);


--
-- Name: auth_user_user_permissions; Type: TABLE; Schema: public; Owner: postgres
--

CREATE TABLE public.auth_user_user_permissions (
    id bigint NOT NULL,
    user_id integer NOT NULL,
    permission_id integer NOT NULL
);


ALTER TABLE public.auth_user_user_permissions OWNER TO postgres;

--
-- Name: auth_user_user_permissions_id_seq; Type: SEQUENCE; Schema: public; Owner: postgres
--

ALTER TABLE public.auth_user_user_permissions ALTER COLUMN id ADD GENERATED BY DEFAULT AS IDENTITY (
    SEQUENCE NAME public.auth_user_user_permissions_id_seq
    START WITH 1
    INCREMENT BY 1
    NO MINVALUE
    NO MAXVALUE
    CACHE 1
);


--
-- Name: django_admin_log; Type: TABLE; Schema: public; Owner: postgres
--

CREATE TABLE public.django_admin_log (
    id integer NOT NULL,
    action_time timestamp with time zone NOT NULL,
    object_id text,
    object_repr character varying(200) NOT NULL,
    action_flag smallint NOT NULL,
    change_message text NOT NULL,
    content_type_id integer,
    user_id integer NOT NULL,
    CONSTRAINT django_admin_log_action_flag_check CHECK ((action_flag >= 0))
);


ALTER TABLE public.django_admin_log OWNER TO postgres;

--
-- Name: django_admin_log_id_seq; Type: SEQUENCE; Schema: public; Owner: postgres
--

ALTER TABLE public.django_admin_log ALTER COLUMN id ADD GENERATED BY DEFAULT AS IDENTITY (
    SEQUENCE NAME public.django_admin_log_id_seq
    START WITH 1
    INCREMENT BY 1
    NO MINVALUE
    NO MAXVALUE
    CACHE 1
);


--
-- Name: django_content_type; Type: TABLE; Schema: public; Owner: postgres
--

CREATE TABLE public.django_content_type (
    id integer NOT NULL,
    app_label character varying(100) NOT NULL,
    model character varying(100) NOT NULL
);


ALTER TABLE public.django_content_type OWNER TO postgres;

--
-- Name: django_content_type_id_seq; Type: SEQUENCE; Schema: public; Owner: postgres
--

ALTER TABLE public.django_content_type ALTER COLUMN id ADD GENERATED BY DEFAULT AS IDENTITY (
    SEQUENCE NAME public.django_content_type_id_seq
    START WITH 1
    INCREMENT BY 1
    NO MINVALUE
    NO MAXVALUE
    CACHE 1
);


--
-- Name: django_migrations; Type: TABLE; Schema: public; Owner: postgres
--

CREATE TABLE public.django_migrations (
    id bigint NOT NULL,
    app character varying(255) NOT NULL,
    name character varying(255) NOT NULL,
    applied timestamp with time zone NOT NULL
);


ALTER TABLE public.django_migrations OWNER TO postgres;

--
-- Name: django_migrations_id_seq; Type: SEQUENCE; Schema: public; Owner: postgres
--

ALTER TABLE public.django_migrations ALTER COLUMN id ADD GENERATED BY DEFAULT AS IDENTITY (
    SEQUENCE NAME public.django_migrations_id_seq
    START WITH 1
    INCREMENT BY 1
    NO MINVALUE
    NO MAXVALUE
    CACHE 1
);


--
-- Name: django_session; Type: TABLE; Schema: public; Owner: postgres
--

CREATE TABLE public.django_session (
    session_key character varying(40) NOT NULL,
    session_data text NOT NULL,
    expire_date timestamp with time zone NOT NULL
);


ALTER TABLE public.django_session OWNER TO postgres;

--
-- Name: trackerApp_developer; Type: TABLE; Schema: public; Owner: postgres
--

CREATE TABLE public."trackerApp_developer" (
    id bigint NOT NULL,
    name character varying(255) NOT NULL,
    contact_info text
);


ALTER TABLE public."trackerApp_developer" OWNER TO postgres;

--
-- Name: trackerApp_developer_id_seq; Type: SEQUENCE; Schema: public; Owner: postgres
--

ALTER TABLE public."trackerApp_developer" ALTER COLUMN id ADD GENERATED BY DEFAULT AS IDENTITY (
    SEQUENCE NAME public."trackerApp_developer_id_seq"
    START WITH 1
    INCREMENT BY 1
    NO MINVALUE
    NO MAXVALUE
    CACHE 1
);


--
-- Name: trackerApp_projectapplication; Type: TABLE; Schema: public; Owner: postgres
--

CREATE TABLE public."trackerApp_projectapplication" (
    id bigint NOT NULL,
    name_of_proj character varying(255) NOT NULL,
    proj_owner_dev character varying(255),
    proj_type character varying(100),
    type_of_application character varying(100),
    status_of_application character varying(100) NOT NULL,
    main_or_compliance character varying(100),
    crls_options jsonb,
    date_filed date,
    date_issued date,
    date_completion date,
    cr_no character varying(255),
    ls_no character varying(255),
    prov character varying(100),
    mun_city character varying(100),
    street_brgy character varying(255),
    created_at timestamp with time zone NOT NULL,
    updated_at timestamp with time zone NOT NULL,
    date_archived timestamp with time zone
);


ALTER TABLE public."trackerApp_projectapplication" OWNER TO postgres;

--
-- Name: trackerApp_projectapplication_id_seq; Type: SEQUENCE; Schema: public; Owner: postgres
--

CREATE SEQUENCE public."trackerApp_projectapplication_id_seq"
    START WITH 1
    INCREMENT BY 1
    NO MINVALUE
    NO MAXVALUE
    CACHE 1;


ALTER SEQUENCE public."trackerApp_projectapplication_id_seq" OWNER TO postgres;

--
-- Name: trackerApp_projectapplication_id_seq; Type: SEQUENCE OWNED BY; Schema: public; Owner: postgres
--

ALTER SEQUENCE public."trackerApp_projectapplication_id_seq" OWNED BY public."trackerApp_projectapplication".id;


--
-- Name: trackerApp_projectapplication id; Type: DEFAULT; Schema: public; Owner: postgres
--

ALTER TABLE ONLY public."trackerApp_projectapplication" ALTER COLUMN id SET DEFAULT nextval('public."trackerApp_projectapplication_id_seq"'::regclass);


--
-- Data for Name: auth_group; Type: TABLE DATA; Schema: public; Owner: postgres
--

COPY public.auth_group (id, name) FROM stdin;
\.


--
-- Data for Name: auth_group_permissions; Type: TABLE DATA; Schema: public; Owner: postgres
--

COPY public.auth_group_permissions (id, group_id, permission_id) FROM stdin;
\.


--
-- Data for Name: auth_permission; Type: TABLE DATA; Schema: public; Owner: postgres
--

COPY public.auth_permission (id, name, content_type_id, codename) FROM stdin;
1	Can add log entry	1	add_logentry
2	Can change log entry	1	change_logentry
3	Can delete log entry	1	delete_logentry
4	Can view log entry	1	view_logentry
5	Can add permission	3	add_permission
6	Can change permission	3	change_permission
7	Can delete permission	3	delete_permission
8	Can view permission	3	view_permission
9	Can add group	2	add_group
10	Can change group	2	change_group
11	Can delete group	2	delete_group
12	Can view group	2	view_group
13	Can add user	4	add_user
14	Can change user	4	change_user
15	Can delete user	4	delete_user
16	Can view user	4	view_user
17	Can add content type	5	add_contenttype
18	Can change content type	5	change_contenttype
19	Can delete content type	5	delete_contenttype
20	Can view content type	5	view_contenttype
21	Can add session	6	add_session
22	Can change session	6	change_session
23	Can delete session	6	delete_session
24	Can view session	6	view_session
25	Can add developer	7	add_developer
26	Can change developer	7	change_developer
27	Can delete developer	7	delete_developer
28	Can view developer	7	view_developer
29	Can add project application	8	add_projectapplication
30	Can change project application	8	change_projectapplication
31	Can delete project application	8	delete_projectapplication
32	Can view project application	8	view_projectapplication
\.


--
-- Data for Name: auth_user; Type: TABLE DATA; Schema: public; Owner: postgres
--

COPY public.auth_user (id, password, last_login, is_superuser, username, first_name, last_name, email, is_staff, is_active, date_joined) FROM stdin;
\.


--
-- Data for Name: auth_user_groups; Type: TABLE DATA; Schema: public; Owner: postgres
--

COPY public.auth_user_groups (id, user_id, group_id) FROM stdin;
\.


--
-- Data for Name: auth_user_user_permissions; Type: TABLE DATA; Schema: public; Owner: postgres
--

COPY public.auth_user_user_permissions (id, user_id, permission_id) FROM stdin;
\.


--
-- Data for Name: django_admin_log; Type: TABLE DATA; Schema: public; Owner: postgres
--

COPY public.django_admin_log (id, action_time, object_id, object_repr, action_flag, change_message, content_type_id, user_id) FROM stdin;
\.


--
-- Data for Name: django_content_type; Type: TABLE DATA; Schema: public; Owner: postgres
--

COPY public.django_content_type (id, app_label, model) FROM stdin;
1	admin	logentry
2	auth	group
3	auth	permission
4	auth	user
5	contenttypes	contenttype
6	sessions	session
7	trackerApp	developer
8	trackerApp	projectapplication
\.


--
-- Data for Name: django_migrations; Type: TABLE DATA; Schema: public; Owner: postgres
--

COPY public.django_migrations (id, app, name, applied) FROM stdin;
1	contenttypes	0001_initial	2026-03-11 09:41:44.39166+08
2	auth	0001_initial	2026-03-11 09:41:44.57543+08
3	admin	0001_initial	2026-03-11 09:41:44.636992+08
4	admin	0002_logentry_remove_auto_add	2026-03-11 09:41:44.665578+08
5	admin	0003_logentry_add_action_flag_choices	2026-03-11 09:41:44.698398+08
6	contenttypes	0002_remove_content_type_name	2026-03-11 09:41:44.763229+08
7	auth	0002_alter_permission_name_max_length	2026-03-11 09:41:44.787096+08
8	auth	0003_alter_user_email_max_length	2026-03-11 09:41:44.80737+08
9	auth	0004_alter_user_username_opts	2026-03-11 09:41:44.824941+08
10	auth	0005_alter_user_last_login_null	2026-03-11 09:41:44.864011+08
11	auth	0006_require_contenttypes_0002	2026-03-11 09:41:44.8752+08
12	auth	0007_alter_validators_add_error_messages	2026-03-11 09:41:44.913253+08
13	auth	0008_alter_user_username_max_length	2026-03-11 09:41:44.960985+08
14	auth	0009_alter_user_last_name_max_length	2026-03-11 09:41:44.985255+08
15	auth	0010_alter_group_name_max_length	2026-03-11 09:41:45.009922+08
16	auth	0011_update_proxy_permissions	2026-03-11 09:41:45.023235+08
17	auth	0012_alter_user_first_name_max_length	2026-03-11 09:41:45.050858+08
18	sessions	0001_initial	2026-03-11 09:41:45.080112+08
25	trackerApp	0001_initial	2026-03-11 15:16:18.043126+08
26	trackerApp	0002_alter_projectapplication_proj_owner_dev	2026-03-11 15:16:18.055721+08
27	trackerApp	0003_remove_projectapplication_new_or_amended_crls_and_more	2026-03-11 15:16:18.060902+08
28	trackerApp	0004_projectapplication_date_archived	2026-03-11 15:16:18.082444+08
29	trackerApp	0005_alter_projectapplication_cr_no_and_more	2026-03-11 15:16:18.084742+08
30	trackerApp	0006_alter_projectapplication_created_at_and_more	2026-03-11 15:16:18.086827+08
\.


--
-- Data for Name: django_session; Type: TABLE DATA; Schema: public; Owner: postgres
--

COPY public.django_session (session_key, session_data, expire_date) FROM stdin;
\.


--
-- Data for Name: trackerApp_developer; Type: TABLE DATA; Schema: public; Owner: postgres
--

COPY public."trackerApp_developer" (id, name, contact_info) FROM stdin;
\.


--
-- Data for Name: trackerApp_projectapplication; Type: TABLE DATA; Schema: public; Owner: postgres
--

COPY public."trackerApp_projectapplication" (id, name_of_proj, proj_owner_dev, proj_type, type_of_application, status_of_application, main_or_compliance, crls_options, date_filed, date_issued, date_completion, cr_no, ls_no, prov, mun_city, street_brgy, created_at, updated_at, date_archived) FROM stdin;
21	Palm Grove	PrimeNest Dev	MCH Subd	Replacement	Ongoing	Main	["Replacement of LS"]	\N	\N	\N	CR-1188	LS-5712	Negros Occidental	Talisay City	Brgy Zone 12	2026-03-12 15:32:58.272273+08	2026-03-12 15:32:58.272445+08	\N
22	Sunset Villas	Sunrise Land Corp	OM Condo	New Application	Approved	Compliance	["New CR"]	\N	\N	\N	CR-1145	LS-5620	Negros Occidental	Bacolod City	Brgy Mandalagan	2026-03-12 15:32:58.39633+08	2026-03-12 15:32:58.396358+08	\N
23	Riverstone Park	BluePeak Realty	EH Subd	New Application	Ongoing	Main	["New LS"]	\N	\N	\N	CR-1225	LS-5901	Negros Occidental	Victorias City	Brgy XIII	2026-03-12 15:32:58.441374+08	2026-03-12 15:32:58.441403+08	\N
24	Green Meadows	Golden Horizon Dev	OM Subd	New Application	Approved	Main	["New LS"]	\N	\N	\N	CR-1023	LS-5561	Negros Occidental	Bacolod City	Brgy Alijis	2026-03-12 15:32:58.537198+08	2026-03-12 15:32:58.537225+08	\N
25	Metro Heights	UrbanCore Devv	EH Condo	Replacement	Approved	Compliance	["Replacement of CR"]	\N	\N	\N	CR-1301	LS-6003	Negros Occidental	Cadiz City	Brgy Burgos	2026-03-12 15:32:58.584943+08	2026-03-16 09:40:00.602287+08	\N
26	Golden Fields	BluePeak Realty	Commercial Subd	New Application	Archived	Main	["New LS"]	\N	\N	\N	CR-1522	LS-6703	Negros Occidental	Bacolod City	Brgy Tangub	2026-03-12 15:32:58.604744+08	2026-03-16 10:47:01.294806+08	2026-03-16 10:47:01.143+08
28	Riverstone Park	MetroBuild Dev	SH Subd	Replacement	Archived	Main	["Replacement of LS"]	\N	\N	\N	CR-9752	LS-7812	Negros Occidental	Victorias City	Brgy XIII	2026-03-16 11:15:14.438059+08	2026-03-16 11:15:14.438085+08	\N
27	Metro Heights	Golden Horizon Dev	OM Condo	New Application	Archived	Main	["New CR"]	\N	\N	\N	CR-6312	LS-8200	Negros Oriental	Bayawan City	Brgy Suba	2026-03-16 11:15:14.375064+08	2026-03-16 11:15:14.375121+08	\N
29	Metro Heights	Golden Horizon Dev	EH Subd	Replacement	Denied	Main	["New LS"]	\N	\N	\N	CR-4175	LS-4311	Negros Oriental	Bayawan City	Brgy Suba	2026-03-16 11:15:14.460856+08	2026-03-16 11:15:14.460884+08	\N
30	Palm Grove	Golden Horizon Dev	Farmlot Subd	Replacement	Ongoing	Main	["Amended CR"]	\N	\N	\N		LS-9987	Negros Oriental	Dumaguete City	Brgy Candau-ay	2026-03-16 11:15:14.388377+08	2026-03-16 11:15:14.388404+08	\N
31	Palm Grove	Sunrise Land Corp	MCH Subd	New Application	Archived	Main	["New CR"]	\N	\N	\N	CR-7335	LS-2333	Negros Occidental	Silay City	Brgy Rizal	2026-03-16 11:15:15.361031+08	2026-03-16 11:15:15.361059+08	\N
32	Golden Fields	Golden Horizon Dev	SH Condo	Replacement	Approved	Compliance	["Amended LS"]	\N	\N	\N	CR-5617	LS-9605	Negros Oriental	Dumaguete City	Brgy Candau-ay	2026-03-16 11:15:15.394808+08	2026-03-16 11:15:15.394833+08	\N
33	Golden Fields	MetroBuild Dev	MR	New Application	Approved	Main	["New CR"]	\N	\N	\N	CR-6155	LS-4418	Negros Oriental	Dumaguete City	Brgy Bantayan	2026-03-16 11:15:15.791438+08	2026-03-16 11:15:15.791463+08	\N
34	Golden Fields	UrbanCore Dev	EH Subd	Replacement	Archived	Compliance	["Replacement of LS"]	\N	\N	\N	CR-6736	LS-7604	Siquijor	San Juan	Brgy Paliton	2026-03-16 11:15:15.812361+08	2026-03-16 11:15:15.812386+08	\N
35	Riverstone Park	Sunrise Land Corp	SH Subd	New Application	Denied	Compliance	["New CR"]	\N	\N	\N	CR-2311	LS-3893	Negros Occidental	Bacolod City	Brgy Alijis	2026-03-16 11:15:15.973475+08	2026-03-16 11:15:15.973493+08	\N
36	Emerald Fields	Sunrise Land Corp	OM Condo	Replacement	Archived	Main	["New LS"]	\N	\N	\N	CR-6012	LS-2493	Negros Occidental	Victorias City	Brgy XIII	2026-03-16 11:15:16.367874+08	2026-03-16 11:15:16.3679+08	\N
52	Riverstone Park	MetroBuild Dev	Commercial Condo	Replacement	Denied	Main	["Replacement of LS"]	\N	\N	\N	CR-6186	LS-7239	Siquijor	Larena	Brgy Cangbagsa	2026-03-16 11:15:17.183451+08	2026-03-16 11:15:17.18347+08	\N
64	Emerald Fields	BluePeak Realty	MCH Subd	Replacement	Denied	Compliance	["New LS"]	\N	\N	\N	CR-7193	LS-5135	Negros Oriental	Dumaguete City	Brgy Bantayan	2026-03-16 11:15:17.664701+08	2026-03-16 11:15:17.664719+08	\N
66	Vista Verde	PrimeNest Dev	MR	Replacement	Approved	Main	["Compliance Entry Only"]	\N	\N	\N	CR-6614	LS-8700	Negros Occidental	Bacolod City	Brgy Mandalagan	2026-03-16 11:15:17.674846+08	2026-03-16 11:15:17.674863+08	\N
67	Green Meadows	Sunrise Land Corp	OM Condo	New Application	Ongoing	Compliance	["New LS"]	\N	\N	\N	CR-2201	LS-1189	Negros Occidental	Victorias City	Brgy XIII	2026-03-16 11:15:17.682473+08	2026-03-16 11:15:17.682492+08	\N
69	Green Meadows	PrimeNest Dev	CO/OS	Replacement	Ongoing	Compliance	["New LS"]	\N	\N	\N	CR-9712	LS-9295	Negros Occidental	Talisay City	Brgy Zone 12	2026-03-16 11:15:17.695073+08	2026-03-16 11:15:17.69509+08	\N
78	Emerald Fields	Golden Horizon Dev	CO/OS	Replacement	Ongoing	Compliance	["Replacement of CR"]	\N	\N	\N	CR-5253	LS-7731	Siquijor	San Juan	Brgy Paliton	2026-03-16 11:15:17.877497+08	2026-03-16 11:15:17.877515+08	\N
79	Blue Horizon	Golden Horizon Dev	OM Condo	Replacement	Ongoing	Main	["New LS"]	\N	\N	\N	CR-8138	LS-1064	Negros Occidental	Bago City	Brgy Ma-ao	2026-03-16 11:15:17.921094+08	2026-03-16 11:15:17.921111+08	\N
91	Sunset Villas	MetroBuild Dev	SH Subd	Replacement	Denied	Compliance	["Replacement of CR"]	\N	\N	\N	CR-7269	LS-5452	Negros Occidental	Silay City	Brgy Rizal	2026-03-16 11:15:18.394242+08	2026-03-16 11:15:18.39426+08	\N
99	Sunset Villas	PrimeNest Dev	OM Subd	New Application	Denied	Main	["Replacement of CR"]	\N	\N	\N	CR-3145	LS-1347	Negros Oriental	Tanjay City	Brgy San Isidro	2026-03-16 11:15:18.884162+08	2026-03-16 11:15:18.88418+08	\N
102	Sunset Villas	UrbanCore Dev	EH Subd	New Application	Approved	Main	["New CR"]	\N	\N	\N	CR-7995	LS-1617	Negros Occidental	Talisay City	Brgy Zone 12	2026-03-16 11:15:18.923018+08	2026-03-16 11:15:18.923036+08	\N
37	Golden Fields	Golden Horizon Dev	Commercial Subd	New Application	Archived	Main	["Replacement of LS"]	\N	\N	\N	CR-3630	LS-7991	Negros Occidental	Talisay City	Brgy Zone 12	2026-03-16 11:15:16.657248+08	2026-03-16 11:15:16.657275+08	\N
38	Golden Fields	Golden Horizon Dev	OM Condo	New Application	Endorsed to HREDRB	Main	["New CR"]	\N	\N	\N	CR-5057	LS-1661	Negros Occidental	Bago City	Brgy Ma-ao	2026-03-16 11:15:16.664045+08	2026-03-16 11:15:16.66407+08	\N
39	Golden Fields	Sunrise Land Corp	CO/OS	Replacement	Ongoing	Compliance	["Amended LS"]	\N	\N	\N	CR-2030	LS-8159	Negros Occidental	Talisay City	Brgy Zone 12	2026-03-16 11:15:16.691627+08	2026-03-16 11:15:16.691654+08	\N
40	Emerald Fields	MetroBuild Dev	OM Subd	New Application	Denied	Compliance	["New LS"]	\N	\N	\N	CR-6684	LS-9018	Siquijor	Larena	Brgy Cangbagsa	2026-03-16 11:15:16.737467+08	2026-03-16 11:15:16.737493+08	\N
41	Lagoon Estate	MetroBuild Dev	OM Subd	New Application	Endorsed to HREDRB	Main	["Compliance Entry Only"]	\N	\N	\N	CR-1928	LS-6263	Siquijor	San Juan	Brgy Paliton	2026-03-16 11:15:16.801384+08	2026-03-16 11:15:16.801409+08	\N
53	Blue Horizon	MetroBuild Dev	OM Subd	Replacement	Endorsed to HREDRB	Main	["Compliance Entry Only"]	\N	\N	\N	CR-7368	LS-8466	Negros Oriental	Bayawan City	Brgy Suba	2026-03-16 11:15:17.193901+08	2026-03-16 11:15:17.193919+08	\N
54	Vista Verde	Golden Horizon Dev	Farmlot Subd	Replacement	Archived	Compliance	["Replacement of CR"]	\N	\N	\N	CR-9626	LS-7647	Negros Occidental	Silay City	Brgy Rizal	2026-03-16 11:15:17.203115+08	2026-03-16 11:15:17.203131+08	\N
60	Lagoon Estate	BluePeak Realty	Commercial Condo	Replacement	Denied	Main	["New CR"]	\N	\N	\N	CR-6201	LS-5372	Negros Oriental	Dumaguete City	Brgy Bantayan	2026-03-16 11:15:17.472144+08	2026-03-16 11:15:17.472891+08	\N
61	Blue Horizon	BluePeak Realty	SH Condo	Replacement	Ongoing	Compliance	["New CR"]	\N	\N	\N	CR-9444	LS-1534	Siquijor	San Juan	Brgy Paliton	2026-03-16 11:15:17.473535+08	2026-03-16 11:15:17.473554+08	\N
62	Blue Horizon	MetroBuild Dev	OM Condo	New Application	Ongoing	Compliance	["New CR"]	\N	\N	\N	CR-9496	LS-5166	Negros Occidental	Victorias City	Brgy XIII	2026-03-16 11:15:17.485831+08	2026-03-16 11:15:17.485849+08	\N
65	Lagoon Estate	Sunrise Land Corp	SH Subd	Replacement	Ongoing	Compliance	["Amended CR"]	\N	\N	\N	CR-2735	LS-3221	Negros Oriental	Bais City	Brgy Hangyad	2026-03-16 11:15:17.668331+08	2026-03-16 11:15:17.668348+08	\N
70	Palm Grove	Sunrise Land Corp	MR	Replacement	Archived	Compliance	["Amended CR"]	\N	\N	\N	CR-7158	LS-3444	Siquijor	San Juan	Brgy Paliton	2026-03-16 11:15:17.70809+08	2026-03-16 11:15:17.708108+08	\N
71	Blue Horizon	Sunrise Land Corp	Commercial Condo	Replacement	Endorsed to HREDRB	Main	["Replacement of LS"]	\N	\N	\N		LS-6137	Siquijor	San Juan	Brgy Paliton	2026-03-16 11:15:17.738204+08	2026-03-16 11:15:17.73822+08	\N
72	Metro Heights	UrbanCore Dev	MCH Subd	Replacement	Archived	Compliance	["Replacement of CR"]	\N	\N	\N	CR-3387	LS-8549	Siquijor	San Juan	Brgy Paliton	2026-03-16 11:15:17.743976+08	2026-03-16 11:15:17.743993+08	\N
74	Green Meadows	PrimeNest Dev	Commercial Condo	New Application	Archived	Main	["Amended LS"]	\N	\N	\N	CR-7232	LS-6274	Negros Occidental	Victorias City	Brgy XIII	2026-03-16 11:15:17.792538+08	2026-03-16 11:15:17.792553+08	\N
77	Vista Verde	MetroBuild Dev	MR	Replacement	Archived	Main	["Replacement of LS"]	\N	\N	\N	CR-3875	LS-4058	Negros Occidental	Victorias City	Brgy XIII	2026-03-16 11:15:17.842541+08	2026-03-16 11:15:17.842559+08	\N
81	Emerald Fields	Sunrise Land Corp	OM Condo	Replacement	Ongoing	Main	["Amended CR"]	\N	\N	\N	CR-2280	LS-4919	Siquijor	San Juan	Brgy Paliton	2026-03-16 11:15:17.960995+08	2026-03-16 11:15:17.96101+08	\N
89	Lagoon Estate	Golden Horizon Dev	SH Subd	Replacement	Ongoing	Main	["Amended LS"]	\N	\N	\N	CR-8752	LS-4443	Negros Occidental	Bacolod City	Brgy Mandalagan	2026-03-16 11:15:18.306943+08	2026-03-16 11:15:18.306964+08	\N
93	Palm Grove	Golden Horizon Dev	EH Subd	Replacement	Archived	Main	["New CR"]	\N	\N	\N	CR-5444	LS-8947	Siquijor	Larena	Brgy Cangbagsa	2026-03-16 11:15:18.461401+08	2026-03-16 11:15:18.46142+08	\N
96	Sunset Villas	MetroBuild Dev	Farmlot Subd	New Application	Ongoing	Compliance	["New CR"]	\N	\N	\N	CR-5232	LS-4020	Negros Oriental	Dumaguete City	Brgy Candau-ay	2026-03-16 11:15:18.811595+08	2026-03-16 11:15:18.811612+08	\N
101	Blue Horizon	UrbanCore Dev	SH Subd	Replacement	Approved	Compliance	["Replacement of CR"]	\N	\N	\N	CR-9658	LS-2247	Negros Oriental	Dumaguete City	Brgy Bantayan	2026-03-16 11:15:18.900971+08	2026-03-16 11:15:18.900988+08	\N
104	Vista Verde	BluePeak Realty	Commercial Condo	New Application	Denied	Main	["Replacement of LS"]	\N	\N	\N	CR-6685	LS-5811	Siquijor	Larena	Brgy Cangbagsa	2026-03-16 11:15:18.95078+08	2026-03-16 11:15:18.950799+08	\N
109	Sunset Villas	MetroBuild Dev	SH Subd	New Application	Ongoing	Compliance	["Replacement of CR"]	\N	\N	\N	CR-6166	LS-3497	Negros Oriental	Tanjay City	Brgy San Isidro	2026-03-16 11:15:19.027299+08	2026-03-16 15:04:59.290457+08	\N
108	Metro Heights	BluePeak Realty	OM Condo	New Application	Ongoing	Compliance	["New CR", "Replacement of LS"]	\N	\N	\N	CR-5525	LS-7267	Negros Occidental	Bago City	Brgy Ma-ao	2026-03-16 11:15:19.011914+08	2026-03-16 15:05:20.091557+08	\N
42	Riverstone Park	MetroBuild Dev	Commercial Condo	New Application	Approved	Main	["New CR"]	\N	\N	\N	CR-6287	LS-3803	Negros Occidental	Talisay City	Brgy Zone 12	2026-03-16 11:15:16.840701+08	2026-03-16 11:15:16.840719+08	\N
45	Vista Verde	Golden Horizon Dev	MCH Condo	Replacement	Approved	Main	["New CR"]	\N	\N	\N	CR-1950	LS-8158	Negros Occidental	Bacolod City	Brgy Mandalagan	2026-03-16 11:15:16.902178+08	2026-03-16 11:15:16.902196+08	\N
58	Sunset Villas	PrimeNest Dev	Farmlot Subd	New Application	Archived	Main	["New LS"]	\N	\N	\N	CR-5637	LS-1016	Negros Oriental	Dumaguete City	Brgy Bantayan	2026-03-16 11:15:17.354213+08	2026-03-16 11:15:17.354229+08	\N
87	Blue Horizon	MetroBuild Dev	Farmlot Subd	Replacement	Approved	Main	["Amended LS"]	\N	\N	\N	CR-6571	LS-1901	Siquijor	San Juan	Brgy Paliton	2026-03-16 11:15:18.276844+08	2026-03-16 11:15:18.276862+08	\N
100	Vista Verde	BluePeak Realty	EH Subd	Replacement	Ongoing	Compliance	["Replacement of LS"]	\N	\N	\N	CR-1023	LS-7406	Negros Oriental	Bayawan City	Brgy Suba	2026-03-16 11:15:18.888256+08	2026-03-16 11:15:18.888277+08	\N
43	Emerald Fields	UrbanCore Dev	MCH Condo	New Application	Archived	Compliance	["Amended LS"]	\N	\N	\N	CR-6207	LS-1702	Negros Oriental	Bais City	Brgy Hangyad	2026-03-16 11:15:16.844851+08	2026-03-16 11:15:16.844868+08	\N
46	Riverstone Park	BluePeak Realty	EH Subd	New Application	Archived	Compliance	["Replacement of CR"]	\N	\N	\N	CR-2020	LS-9172	Siquijor	San Juan	Brgy Paliton	2026-03-16 11:15:16.924517+08	2026-03-16 11:15:16.924534+08	\N
84	Vista Verde	PrimeNest Dev	EH Condo	New Application	Endorsed to HREDRB	Compliance	["New LS"]	\N	\N	\N	CR-8775	LS-9843	Siquijor	Larena	Brgy Cangbagsa	2026-03-16 11:15:17.987963+08	2026-03-16 11:15:17.98798+08	\N
97	Metro Heights	MetroBuild Dev	Farmlot Subd	New Application	Ongoing	Main	["Replacement of CR"]	\N	\N	\N	CR-9388	LS-4127	Negros Oriental	Dumaguete City	Brgy Candau-ay	2026-03-16 11:15:18.819868+08	2026-03-16 11:15:18.819884+08	\N
44	Riverstone Park	UrbanCore Dev	CO/OS	New Application	Denied	Main	["Amended CR"]	\N	\N	\N	CR-7065	LS-7038	Negros Oriental	Dumaguete City	Brgy Candau-ay	2026-03-16 11:15:16.875182+08	2026-03-16 11:15:16.8752+08	\N
49	Sunset Villas	PrimeNest Dev	MCH Subd	Replacement	Archived	Compliance	["Amended LS"]	\N	\N	\N	CR-9900	LS-1939	Negros Occidental	Silay City	Brgy Rizal	2026-03-16 11:15:17.111772+08	2026-03-16 11:15:17.111789+08	\N
90	Blue Horizon	MetroBuild Dev	SH Condo	Replacement	Ongoing	Compliance	["Amended CR"]	\N	\N	\N		LS-6367	Siquijor	Larena	Brgy Cangbagsa	2026-03-16 11:15:18.358097+08	2026-03-16 11:15:18.358117+08	\N
106	Lagoon Estate	BluePeak Realty	MR	New Application	Endorsed to HREDRB	Compliance	["Compliance Entry Only"]	\N	\N	\N	CR-4113	LS-7346	Negros Oriental	Dumaguete City	Brgy Bantayan	2026-03-16 11:15:18.992612+08	2026-03-16 11:15:18.992633+08	\N
47	Lagoon Estate	PrimeNest Dev	OM Subd	New Application	Denied	Compliance	["Amended LS"]	\N	\N	\N	CR-4829	LS-9361	Negros Oriental	Dumaguete City	Brgy Candau-ay	2026-03-16 11:15:16.976057+08	2026-03-16 11:15:16.976075+08	\N
73	Green Meadows	MetroBuild Dev	Commercial Condo	Replacement	Approved	Main	["Replacement of CR"]	\N	\N	\N	CR-8780	LS-7968	Negros Occidental	Bacolod City	Brgy Alijis	2026-03-16 11:15:17.790151+08	2026-03-16 11:15:17.790168+08	\N
88	Riverstone Park	Golden Horizon Dev	Commercial Subd	Replacement	Denied	Main	["Amended LS"]	\N	\N	\N	CR-3872	LS-3848	Negros Occidental	Bacolod City	Brgy Mandalagan	2026-03-16 11:15:18.288974+08	2026-03-16 11:15:18.288991+08	\N
98	Metro Heights	BluePeak Realty	OM Subd	Replacement	Ongoing	Main	["Amended CR"]	\N	\N	\N	CR-7913	LS-5943	Negros Oriental	Bayawan City	Brgy Suba	2026-03-16 11:15:18.870387+08	2026-03-16 11:15:18.870404+08	\N
75	Blue Horizon	PrimeNest Dev	MR	Replacement	Archived	Main	["Amended CR"]	\N	\N	\N	CR-7733	LS-5068	Negros Oriental	Tanjay City	Brgy San Isidro	2026-03-16 11:15:17.805645+08	2026-03-16 14:37:18.898771+08	2026-03-16 14:37:17.92+08
48	Green Meadows	Sunrise Land Corp	OM Subd	New Application	Archived	Main	["Replacement of LS"]	\N	\N	\N		LS-3286	Negros Oriental	Bayawan City	Brgy Suba	2026-03-16 11:15:17.088154+08	2026-03-16 11:15:17.088182+08	\N
50	Blue Horizon	Sunrise Land Corp	EH Subd	New Application	Endorsed to HREDRB	Compliance	["Compliance Entry Only"]	\N	\N	\N	CR-5755	LS-4300	Negros Occidental	Talisay City	Brgy Zone 12	2026-03-16 11:15:17.122403+08	2026-03-16 11:15:17.122432+08	\N
51	Lagoon Estate	MetroBuild Dev	SH Subd	New Application	Denied	Compliance	["Replacement of CR"]	\N	\N	\N	CR-5807	LS-9682	Negros Oriental	Bais City	Brgy Hangyad	2026-03-16 11:15:17.148869+08	2026-03-16 11:15:17.148893+08	\N
55	Blue Horizon	UrbanCore Dev	Commercial Condo	New Application	Ongoing	Compliance	["New LS"]	\N	\N	\N	CR-9438	LS-5031	Negros Oriental	Dumaguete City	Brgy Bantayan	2026-03-16 11:15:17.306963+08	2026-03-16 11:15:17.306979+08	\N
56	Riverstone Park	PrimeNest Dev	Farmlot Subd	New Application	Endorsed to HREDRB	Compliance	["New LS"]	\N	\N	\N	CR-3717	LS-3107	Negros Oriental	Dumaguete City	Brgy Candau-ay	2026-03-16 11:15:17.323362+08	2026-03-16 11:15:17.323381+08	\N
59	Blue Horizon	UrbanCore Dev	CO/OS	New Application	Approved	Compliance	["Compliance Entry Only"]	\N	\N	\N	CR-6802	LS-9336	Negros Oriental	Bais City	Brgy Hangyad	2026-03-16 11:15:17.368103+08	2026-03-16 11:15:17.368122+08	\N
76	Emerald Fields	Sunrise Land Corp	SH Condo	New Application	Archived	Compliance	["Compliance Entry Only"]	\N	\N	\N	CR-6742	LS-1403	Siquijor	San Juan	Brgy Paliton	2026-03-16 11:15:17.819792+08	2026-03-16 11:15:17.819811+08	\N
82	Golden Fields	UrbanCore Dev	MCH Condo	New Application	Denied	Compliance	["Amended LS"]	\N	\N	\N	CR-9045	LS-7990	Siquijor	Larena	Brgy Cangbagsa	2026-03-16 11:15:17.9604+08	2026-03-16 11:15:17.960419+08	\N
85	Blue Horizon	UrbanCore Dev	SH Subd	New Application	Ongoing	Compliance	["Replacement of CR"]	\N	\N	\N	CR-3748	LS-9976	Siquijor	Larena	Brgy Cangbagsa	2026-03-16 11:15:18.021624+08	2026-03-16 11:15:18.021643+08	\N
92	Emerald Fields	Golden Horizon Dev	Industrial Subd	New Application	Endorsed to HREDRB	Compliance	["Compliance Entry Only"]	\N	\N	\N	CR-8651	LS-8556	Negros Occidental	Silay City	Brgy Rizal	2026-03-16 11:15:18.456731+08	2026-03-16 11:15:18.456748+08	\N
105	Blue Horizon	Sunrise Land Corp	MCH Subd	New Application	Denied	Compliance	["Replacement of CR"]	\N	\N	\N	CR-5265	LS-8978	Negros Occidental	Bacolod City	Brgy Alijis	2026-03-16 11:15:18.987813+08	2026-03-16 11:15:18.98783+08	\N
107	Emerald Fields	PrimeNest Dev	OM Condo	New Application	Ongoing	Main	["New CR"]	\N	\N	\N	CR-1625	LS-6523	Negros Occidental	Bago City	Brgy Ma-ao	2026-03-16 11:15:19.008188+08	2026-03-16 11:15:19.008207+08	\N
110	Blue Horizon	PrimeNest Dev	Industrial Subd	New Application	Denied	Compliance	["Replacement of LS"]	2026-03-12	2026-03-31	2026-03-24	CR-8200	LS-6097	Negros Oriental	Bais City	Brgy Hangyad	2026-03-16 11:15:19.050319+08	2026-03-16 16:08:07.658347+08	\N
57	Metro Heights	Golden Horizon Dev	Commercial Subd	Replacement	Archived	Compliance	["Compliance Entry Only"]	\N	\N	\N	CR-1152	LS-1232	Negros Occidental	Silay City	Brgy Rizal	2026-03-16 11:15:17.34466+08	2026-03-16 11:15:17.344679+08	\N
63	Vista Verde	Golden Horizon Dev	Farmlot Subd	Replacement	Approved	Main	["Replacement of CR"]	\N	\N	\N	CR-3286	LS-9199	Siquijor	San Juan	Brgy Paliton	2026-03-16 11:15:17.632745+08	2026-03-16 11:15:17.632779+08	\N
68	Lagoon Estate	UrbanCore Dev	EH Subd	New Application	Denied	Main	["New CR"]	\N	\N	\N	CR-8652	LS-7223	Negros Occidental	Talisay City	Brgy Zone 12	2026-03-16 11:15:17.687384+08	2026-03-16 11:15:17.6874+08	\N
80	Palm Grove	BluePeak Realty	OM Condo	New Application	Approved	Compliance	["Compliance Entry Only"]	\N	\N	\N	CR-4058	LS-3671	Negros Occidental	Bago City	Brgy Ma-ao	2026-03-16 11:15:17.956323+08	2026-03-16 11:15:17.956341+08	\N
83	Sunset Villas	BluePeak Realty	SH Condo	New Application	Ongoing	Main	["Amended LS"]	\N	\N	\N	CR-9754	LS-4870	Negros Occidental	Bago City	Brgy Ma-ao	2026-03-16 11:15:17.980873+08	2026-03-16 11:15:17.981598+08	\N
86	Green Meadows	PrimeNest Dev	MR	New Application	Denied	Compliance	["Amended LS"]	\N	\N	\N	CR-5318	LS-7188	Negros Oriental	Bayawan City	Brgy Suba	2026-03-16 11:15:18.206266+08	2026-03-16 11:15:18.206289+08	\N
94	Vista Verde	UrbanCore Dev	EH Condo	New Application	Archived	Compliance	["New CR"]	\N	\N	\N	CR-6234	LS-2796	Negros Occidental	Bacolod City	Brgy Alijis	2026-03-16 11:15:18.759885+08	2026-03-16 11:15:18.759901+08	\N
95	Riverstone Park	BluePeak Realty	EH Condo	Replacement	Approved	Compliance	["Amended CR"]	\N	\N	\N	CR-8511	LS-8282	Siquijor	San Juan	Brgy Paliton	2026-03-16 11:15:18.774781+08	2026-03-16 11:15:18.774798+08	\N
103	Golden Fields	Golden Horizon Dev	Commercial Condo	Replacement	Archived	Main	["Amended LS"]	\N	\N	\N	CR-8209	LS-7430	Negros Oriental	Dumaguete City	Brgy Candau-ay	2026-03-16 11:15:18.940468+08	2026-03-16 11:15:18.940488+08	\N
\.


--
-- Name: auth_group_id_seq; Type: SEQUENCE SET; Schema: public; Owner: postgres
--

SELECT pg_catalog.setval('public.auth_group_id_seq', 1, false);


--
-- Name: auth_group_permissions_id_seq; Type: SEQUENCE SET; Schema: public; Owner: postgres
--

SELECT pg_catalog.setval('public.auth_group_permissions_id_seq', 1, false);


--
-- Name: auth_permission_id_seq; Type: SEQUENCE SET; Schema: public; Owner: postgres
--

SELECT pg_catalog.setval('public.auth_permission_id_seq', 32, true);


--
-- Name: auth_user_groups_id_seq; Type: SEQUENCE SET; Schema: public; Owner: postgres
--

SELECT pg_catalog.setval('public.auth_user_groups_id_seq', 1, false);


--
-- Name: auth_user_id_seq; Type: SEQUENCE SET; Schema: public; Owner: postgres
--

SELECT pg_catalog.setval('public.auth_user_id_seq', 1, false);


--
-- Name: auth_user_user_permissions_id_seq; Type: SEQUENCE SET; Schema: public; Owner: postgres
--

SELECT pg_catalog.setval('public.auth_user_user_permissions_id_seq', 1, false);


--
-- Name: django_admin_log_id_seq; Type: SEQUENCE SET; Schema: public; Owner: postgres
--

SELECT pg_catalog.setval('public.django_admin_log_id_seq', 1, false);


--
-- Name: django_content_type_id_seq; Type: SEQUENCE SET; Schema: public; Owner: postgres
--

SELECT pg_catalog.setval('public.django_content_type_id_seq', 8, true);


--
-- Name: django_migrations_id_seq; Type: SEQUENCE SET; Schema: public; Owner: postgres
--

SELECT pg_catalog.setval('public.django_migrations_id_seq', 30, true);


--
-- Name: trackerApp_developer_id_seq; Type: SEQUENCE SET; Schema: public; Owner: postgres
--

SELECT pg_catalog.setval('public."trackerApp_developer_id_seq"', 1, false);


--
-- Name: trackerApp_projectapplication_id_seq; Type: SEQUENCE SET; Schema: public; Owner: postgres
--

SELECT pg_catalog.setval('public."trackerApp_projectapplication_id_seq"', 111, true);


--
-- Name: auth_group auth_group_name_key; Type: CONSTRAINT; Schema: public; Owner: postgres
--

ALTER TABLE ONLY public.auth_group
    ADD CONSTRAINT auth_group_name_key UNIQUE (name);


--
-- Name: auth_group_permissions auth_group_permissions_group_id_permission_id_0cd325b0_uniq; Type: CONSTRAINT; Schema: public; Owner: postgres
--

ALTER TABLE ONLY public.auth_group_permissions
    ADD CONSTRAINT auth_group_permissions_group_id_permission_id_0cd325b0_uniq UNIQUE (group_id, permission_id);


--
-- Name: auth_group_permissions auth_group_permissions_pkey; Type: CONSTRAINT; Schema: public; Owner: postgres
--

ALTER TABLE ONLY public.auth_group_permissions
    ADD CONSTRAINT auth_group_permissions_pkey PRIMARY KEY (id);


--
-- Name: auth_group auth_group_pkey; Type: CONSTRAINT; Schema: public; Owner: postgres
--

ALTER TABLE ONLY public.auth_group
    ADD CONSTRAINT auth_group_pkey PRIMARY KEY (id);


--
-- Name: auth_permission auth_permission_content_type_id_codename_01ab375a_uniq; Type: CONSTRAINT; Schema: public; Owner: postgres
--

ALTER TABLE ONLY public.auth_permission
    ADD CONSTRAINT auth_permission_content_type_id_codename_01ab375a_uniq UNIQUE (content_type_id, codename);


--
-- Name: auth_permission auth_permission_pkey; Type: CONSTRAINT; Schema: public; Owner: postgres
--

ALTER TABLE ONLY public.auth_permission
    ADD CONSTRAINT auth_permission_pkey PRIMARY KEY (id);


--
-- Name: auth_user_groups auth_user_groups_pkey; Type: CONSTRAINT; Schema: public; Owner: postgres
--

ALTER TABLE ONLY public.auth_user_groups
    ADD CONSTRAINT auth_user_groups_pkey PRIMARY KEY (id);


--
-- Name: auth_user_groups auth_user_groups_user_id_group_id_94350c0c_uniq; Type: CONSTRAINT; Schema: public; Owner: postgres
--

ALTER TABLE ONLY public.auth_user_groups
    ADD CONSTRAINT auth_user_groups_user_id_group_id_94350c0c_uniq UNIQUE (user_id, group_id);


--
-- Name: auth_user auth_user_pkey; Type: CONSTRAINT; Schema: public; Owner: postgres
--

ALTER TABLE ONLY public.auth_user
    ADD CONSTRAINT auth_user_pkey PRIMARY KEY (id);


--
-- Name: auth_user_user_permissions auth_user_user_permissions_pkey; Type: CONSTRAINT; Schema: public; Owner: postgres
--

ALTER TABLE ONLY public.auth_user_user_permissions
    ADD CONSTRAINT auth_user_user_permissions_pkey PRIMARY KEY (id);


--
-- Name: auth_user_user_permissions auth_user_user_permissions_user_id_permission_id_14a6b632_uniq; Type: CONSTRAINT; Schema: public; Owner: postgres
--

ALTER TABLE ONLY public.auth_user_user_permissions
    ADD CONSTRAINT auth_user_user_permissions_user_id_permission_id_14a6b632_uniq UNIQUE (user_id, permission_id);


--
-- Name: auth_user auth_user_username_key; Type: CONSTRAINT; Schema: public; Owner: postgres
--

ALTER TABLE ONLY public.auth_user
    ADD CONSTRAINT auth_user_username_key UNIQUE (username);


--
-- Name: django_admin_log django_admin_log_pkey; Type: CONSTRAINT; Schema: public; Owner: postgres
--

ALTER TABLE ONLY public.django_admin_log
    ADD CONSTRAINT django_admin_log_pkey PRIMARY KEY (id);


--
-- Name: django_content_type django_content_type_app_label_model_76bd3d3b_uniq; Type: CONSTRAINT; Schema: public; Owner: postgres
--

ALTER TABLE ONLY public.django_content_type
    ADD CONSTRAINT django_content_type_app_label_model_76bd3d3b_uniq UNIQUE (app_label, model);


--
-- Name: django_content_type django_content_type_pkey; Type: CONSTRAINT; Schema: public; Owner: postgres
--

ALTER TABLE ONLY public.django_content_type
    ADD CONSTRAINT django_content_type_pkey PRIMARY KEY (id);


--
-- Name: django_migrations django_migrations_pkey; Type: CONSTRAINT; Schema: public; Owner: postgres
--

ALTER TABLE ONLY public.django_migrations
    ADD CONSTRAINT django_migrations_pkey PRIMARY KEY (id);


--
-- Name: django_session django_session_pkey; Type: CONSTRAINT; Schema: public; Owner: postgres
--

ALTER TABLE ONLY public.django_session
    ADD CONSTRAINT django_session_pkey PRIMARY KEY (session_key);


--
-- Name: trackerApp_developer trackerApp_developer_name_key; Type: CONSTRAINT; Schema: public; Owner: postgres
--

ALTER TABLE ONLY public."trackerApp_developer"
    ADD CONSTRAINT "trackerApp_developer_name_key" UNIQUE (name);


--
-- Name: trackerApp_developer trackerApp_developer_pkey; Type: CONSTRAINT; Schema: public; Owner: postgres
--

ALTER TABLE ONLY public."trackerApp_developer"
    ADD CONSTRAINT "trackerApp_developer_pkey" PRIMARY KEY (id);


--
-- Name: trackerApp_projectapplication trackerApp_projectapplication_pkey; Type: CONSTRAINT; Schema: public; Owner: postgres
--

ALTER TABLE ONLY public."trackerApp_projectapplication"
    ADD CONSTRAINT "trackerApp_projectapplication_pkey" PRIMARY KEY (id);


--
-- Name: auth_group_name_a6ea08ec_like; Type: INDEX; Schema: public; Owner: postgres
--

CREATE INDEX auth_group_name_a6ea08ec_like ON public.auth_group USING btree (name varchar_pattern_ops);


--
-- Name: auth_group_permissions_group_id_b120cbf9; Type: INDEX; Schema: public; Owner: postgres
--

CREATE INDEX auth_group_permissions_group_id_b120cbf9 ON public.auth_group_permissions USING btree (group_id);


--
-- Name: auth_group_permissions_permission_id_84c5c92e; Type: INDEX; Schema: public; Owner: postgres
--

CREATE INDEX auth_group_permissions_permission_id_84c5c92e ON public.auth_group_permissions USING btree (permission_id);


--
-- Name: auth_permission_content_type_id_2f476e4b; Type: INDEX; Schema: public; Owner: postgres
--

CREATE INDEX auth_permission_content_type_id_2f476e4b ON public.auth_permission USING btree (content_type_id);


--
-- Name: auth_user_groups_group_id_97559544; Type: INDEX; Schema: public; Owner: postgres
--

CREATE INDEX auth_user_groups_group_id_97559544 ON public.auth_user_groups USING btree (group_id);


--
-- Name: auth_user_groups_user_id_6a12ed8b; Type: INDEX; Schema: public; Owner: postgres
--

CREATE INDEX auth_user_groups_user_id_6a12ed8b ON public.auth_user_groups USING btree (user_id);


--
-- Name: auth_user_user_permissions_permission_id_1fbb5f2c; Type: INDEX; Schema: public; Owner: postgres
--

CREATE INDEX auth_user_user_permissions_permission_id_1fbb5f2c ON public.auth_user_user_permissions USING btree (permission_id);


--
-- Name: auth_user_user_permissions_user_id_a95ead1b; Type: INDEX; Schema: public; Owner: postgres
--

CREATE INDEX auth_user_user_permissions_user_id_a95ead1b ON public.auth_user_user_permissions USING btree (user_id);


--
-- Name: auth_user_username_6821ab7c_like; Type: INDEX; Schema: public; Owner: postgres
--

CREATE INDEX auth_user_username_6821ab7c_like ON public.auth_user USING btree (username varchar_pattern_ops);


--
-- Name: django_admin_log_content_type_id_c4bce8eb; Type: INDEX; Schema: public; Owner: postgres
--

CREATE INDEX django_admin_log_content_type_id_c4bce8eb ON public.django_admin_log USING btree (content_type_id);


--
-- Name: django_admin_log_user_id_c564eba6; Type: INDEX; Schema: public; Owner: postgres
--

CREATE INDEX django_admin_log_user_id_c564eba6 ON public.django_admin_log USING btree (user_id);


--
-- Name: django_session_expire_date_a5c62663; Type: INDEX; Schema: public; Owner: postgres
--

CREATE INDEX django_session_expire_date_a5c62663 ON public.django_session USING btree (expire_date);


--
-- Name: django_session_session_key_c0390e0f_like; Type: INDEX; Schema: public; Owner: postgres
--

CREATE INDEX django_session_session_key_c0390e0f_like ON public.django_session USING btree (session_key varchar_pattern_ops);


--
-- Name: trackerApp_developer_name_521e76d8_like; Type: INDEX; Schema: public; Owner: postgres
--

CREATE INDEX "trackerApp_developer_name_521e76d8_like" ON public."trackerApp_developer" USING btree (name varchar_pattern_ops);


--
-- Name: trackerApp_projectapplication_created_at_idx; Type: INDEX; Schema: public; Owner: postgres
--

CREATE INDEX "trackerApp_projectapplication_created_at_idx" ON public."trackerApp_projectapplication" USING btree (created_at);


--
-- Name: trackerApp_projectapplication_name_of_proj_idx; Type: INDEX; Schema: public; Owner: postgres
--

CREATE INDEX "trackerApp_projectapplication_name_of_proj_idx" ON public."trackerApp_projectapplication" USING btree (name_of_proj);


--
-- Name: trackerApp_projectapplication_proj_owner_dev_idx; Type: INDEX; Schema: public; Owner: postgres
--

CREATE INDEX "trackerApp_projectapplication_proj_owner_dev_idx" ON public."trackerApp_projectapplication" USING btree (proj_owner_dev);


--
-- Name: trackerApp_projectapplication_status_of_application_idx; Type: INDEX; Schema: public; Owner: postgres
--

CREATE INDEX "trackerApp_projectapplication_status_of_application_idx" ON public."trackerApp_projectapplication" USING btree (status_of_application);


--
-- Name: auth_group_permissions auth_group_permissio_permission_id_84c5c92e_fk_auth_perm; Type: FK CONSTRAINT; Schema: public; Owner: postgres
--

ALTER TABLE ONLY public.auth_group_permissions
    ADD CONSTRAINT auth_group_permissio_permission_id_84c5c92e_fk_auth_perm FOREIGN KEY (permission_id) REFERENCES public.auth_permission(id) DEFERRABLE INITIALLY DEFERRED;


--
-- Name: auth_group_permissions auth_group_permissions_group_id_b120cbf9_fk_auth_group_id; Type: FK CONSTRAINT; Schema: public; Owner: postgres
--

ALTER TABLE ONLY public.auth_group_permissions
    ADD CONSTRAINT auth_group_permissions_group_id_b120cbf9_fk_auth_group_id FOREIGN KEY (group_id) REFERENCES public.auth_group(id) DEFERRABLE INITIALLY DEFERRED;


--
-- Name: auth_permission auth_permission_content_type_id_2f476e4b_fk_django_co; Type: FK CONSTRAINT; Schema: public; Owner: postgres
--

ALTER TABLE ONLY public.auth_permission
    ADD CONSTRAINT auth_permission_content_type_id_2f476e4b_fk_django_co FOREIGN KEY (content_type_id) REFERENCES public.django_content_type(id) DEFERRABLE INITIALLY DEFERRED;


--
-- Name: auth_user_groups auth_user_groups_group_id_97559544_fk_auth_group_id; Type: FK CONSTRAINT; Schema: public; Owner: postgres
--

ALTER TABLE ONLY public.auth_user_groups
    ADD CONSTRAINT auth_user_groups_group_id_97559544_fk_auth_group_id FOREIGN KEY (group_id) REFERENCES public.auth_group(id) DEFERRABLE INITIALLY DEFERRED;


--
-- Name: auth_user_groups auth_user_groups_user_id_6a12ed8b_fk_auth_user_id; Type: FK CONSTRAINT; Schema: public; Owner: postgres
--

ALTER TABLE ONLY public.auth_user_groups
    ADD CONSTRAINT auth_user_groups_user_id_6a12ed8b_fk_auth_user_id FOREIGN KEY (user_id) REFERENCES public.auth_user(id) DEFERRABLE INITIALLY DEFERRED;


--
-- Name: auth_user_user_permissions auth_user_user_permi_permission_id_1fbb5f2c_fk_auth_perm; Type: FK CONSTRAINT; Schema: public; Owner: postgres
--

ALTER TABLE ONLY public.auth_user_user_permissions
    ADD CONSTRAINT auth_user_user_permi_permission_id_1fbb5f2c_fk_auth_perm FOREIGN KEY (permission_id) REFERENCES public.auth_permission(id) DEFERRABLE INITIALLY DEFERRED;


--
-- Name: auth_user_user_permissions auth_user_user_permissions_user_id_a95ead1b_fk_auth_user_id; Type: FK CONSTRAINT; Schema: public; Owner: postgres
--

ALTER TABLE ONLY public.auth_user_user_permissions
    ADD CONSTRAINT auth_user_user_permissions_user_id_a95ead1b_fk_auth_user_id FOREIGN KEY (user_id) REFERENCES public.auth_user(id) DEFERRABLE INITIALLY DEFERRED;


--
-- Name: django_admin_log django_admin_log_content_type_id_c4bce8eb_fk_django_co; Type: FK CONSTRAINT; Schema: public; Owner: postgres
--

ALTER TABLE ONLY public.django_admin_log
    ADD CONSTRAINT django_admin_log_content_type_id_c4bce8eb_fk_django_co FOREIGN KEY (content_type_id) REFERENCES public.django_content_type(id) DEFERRABLE INITIALLY DEFERRED;


--
-- Name: django_admin_log django_admin_log_user_id_c564eba6_fk_auth_user_id; Type: FK CONSTRAINT; Schema: public; Owner: postgres
--

ALTER TABLE ONLY public.django_admin_log
    ADD CONSTRAINT django_admin_log_user_id_c564eba6_fk_auth_user_id FOREIGN KEY (user_id) REFERENCES public.auth_user(id) DEFERRABLE INITIALLY DEFERRED;


--
-- PostgreSQL database dump complete
--

\unrestrict Q0WcUAryfxdNKKvsiD0b2cUXFzUYU5BidmCkqC7YvdE8lwANmM5bgIkeGUXVYj7

